Economic Activity,category,2013 Jan,2013 Feb,2013 Mar,2013 Apr,2013 May,2013 Jun,2013 Jul,2013 Aug,2013 Sep,2013 Oct,2013 Nov,2013 Dec,2014 Jan,2014 Feb,2014 Mar,2014 Apr,2014 May,2014 Jun,2014 Jul,2014 Aug,2014 Sep,2014 Oct,2014 Nov,2014 Dec,2015 Jan,2015 Feb,2015 Mar,2015 Apr,2015 May,2015 Jun,2015 Jul,2015 Aug,2015 Sep,2015 Oct,2015 Nov,2015 Dec,2016 Jan,2016 Feb,2016 Mar,2016 Apr,2016 May,2016 Jun,2016 Jul,2016 Aug,2016 Sep,2016 Oct,2016 Nov,2016 Dec,2017 Jan,2017 Feb,2017 Mar,2017 Apr,2017 May,2017 Jun,2017 Jul,2017 Aug,2017 Sep,2017 Oct,2017 Nov,2017 Dec
Άλλες δραστηριότητες παροχής υπηρεσιών,0,512,515,512,487,403,471,571,623,599,433,504,541,584,568,539,475,399,463,520,493,495,325,400,460,468,465,442,391,313,354,403,403,343,278,374,423,428,415,399,342,297,290,370,405,333,264,360,426,460,451,434,355,287,297,389,391,314,247,360,429
"Γεωργία, δασοκομία και αλιεία",1,159,159,159,165,157,156,162,164,170,168,154,133,137,128,131,126,114,129,133,128,135,132,114,113,148,144,140,154,149,141,124,120,119,122,124,117,126,115,114,103,102,112,105,96,103,105,87,93,101,97,99,95,111,105,107,99,96,96,70,68
Δημόσια διοίκηση και άμυνα. Υποχρεωτική κοινωνική ασφάλιση,2,3140,2775,2723,2767,2652,2651,2401,2188,2275,1268,1116,2294,2838,2748,2747,2773,2419,2183,2015,2017,1989,986,1455,2168,2541,2383,2403,2086,1138,1533,1734,1751,1332,513,783,1775,1966,1976,1760,1627,722,1175,1555,1639,1240,459,700,1709,2055,1902,1769,1549,685,1058,1677,1739,1188,568,778,1759
Διαχείριση ακίνητης περιουσίας,3,202,201,177,179,177,163,166,172,168,158,198,197,218,231,182,137,133,128,116,108,96,100,139,158,184,195,157,128,100,86,75,69,74,82,143,175,207,219,183,139,101,79,71,77,84,86,296,316,310,293,283,253,231,186,170,95,84,91,136,159
Διοικητικές και υποστηρικτικές δραστηριότητες,4,849,827,820,784,594,545,514,478,472,487,738,785,810,756,712,585,424,361,349,339,369,363,680,780,818,816,792,646,462,404,363,350,351,364,688,777,809,798,724,570,478,330,312,315,307,312,643,750,769,736,686,530,423,296,297,290,264,290,666,780
Δραστηριότητες ετερόδικων οργανισμών και φορέων,5,20,17,19,19,18,18,21,20,21,20,17,16,17,15,16,14,12,12,14,19,17,15,15,15,13,11,20,20,23,26,23,25,23,16,15,17,20,26,23,21,19,15,16,16,18,17,19,14,16,14,14,13,15,17,17,16,12,7,6,6
Δραστηριότητες νοικοκυριών ως εργοδοτών,6,51,52,52,50,45,48,45,52,45,41,41,38,45,35,34,32,34,35,39,35,38,33,37,42,39,42,43,45,38,40,38,33,28,27,26,30,27,27,27,29,29,31,28,27,29,33,32,30,36,36,39,37,35,33,31,31,30,25,22,25
Δραστηριότητες σχετικές με την ανθρώπινη υγεία και την κοινωνική μέριμνα,7,333,334,334,340,324,327,372,382,383,383,392,390,390,368,348,335,296,292,295,302,315,285,300,300,310,313,316,301,263,254,261,274,275,258,278,274,279,281,263,251,239,246,254,271,262,243,258,264,271,280,286,277,272,257,285,287,270,246,254,256
Δραστηριότητες υπηρεσιών παροχής καταλύματος και υπηρεσιών εστίασης,8,10898,10955,9968,5580,2890,1992,1871,1737,1716,1919,7982,11172,12230,11930,10922,5735,2701,1904,1719,1591,1797,2160,9257,12241,13009,12910,12141,6415,3178,2185,1815,1680,1684,1986,9201,11989,12715,12661,10718,5436,3042,1554,1425,1421,1443,1823,8531,11534,12452,12185,10435,5705,2839,1423,1325,1275,1224,1459,8451,5758
Εκπαίδευση,9,594,422,402,418,506,2214,3314,3444,3244,1606,678,547,530,473,435,416,492,1363,2273,2316,2198,588,390,377,368,340,322,304,383,1283,2242,2346,1341,527,374,329,330,309,289,294,399,1320,2276,2424,1322,478,319,294,299,259,256,269,396,1366,2341,2436,1466,528,344,336
Ενημέρωση και επικοινωνία,10,375,371,371,408,431,486,523,506,482,457,447,433,421,395,386,371,365,366,461,443,438,457,470,471,624,618,597,578,561,534,488,450,404,356,353,333,335,299,280,275,268,320,340,354,304,285,286,271,275,269,276,276,283,341,359,341,309,288,299,287
"Επαγγελματικές, επιστημονικές και τεχνικές δραστηριότητες",11,952,958,980,1063,1139,1218,1291,1281,1268,1263,1204,1173,1136,1061,996,958,919,869,785,728,734,717,689,699,728,730,717,697,679,717,753,760,744,739,755,726,757,740,723,716,730,718,716,735,756,770,760,725,763,725,746,712,693,632,656,695,716,698,663,656
Κατασκευές,12,4805,4723,4681,5216,5034,4978,5064,4807,4560,4530,4346,4143,4058,3784,3624,3456,3250,3074,2791,2498,2445,2305,2217,2148,2103,2109,2089,1989,1946,1852,1803,1664,1621,1546,1475,1356,1317,1294,1261,1208,1151,1050,961,899,873,825,770,739,768,723,708,674,665,638,664,672,648,587,560,614
Λιμενεργάτες,13,7,9,23,0,18,22,4,23,4,0,17,18,7,17,13,10,12,12,9,16,5,0,0,0,1,1,10,9,10,11,7,6,4,1,7,3,6,13,7,5,8,3,4,5,5,4,2,3,0,1,4,2,3,4,5,2,4,1,0,0
Μεταποίηση,14,2831,2872,2865,3154,3119,3083,3070,2947,2877,2952,2883,2863,2857,2751,2621,2445,2234,1975,1828,1676,1711,1673,1717,1721,1699,1685,1618,1467,1373,1279,1244,1226,1275,1265,1303,1250,1255,1258,1236,1078,1014,973,943,920,941,989,1032,1058,1148,1092,1077,1003,945,852,851,889,897,900,938,936
Μεταφορά και αποθήκευση,15,1199,1179,1146,1009,750,645,663,806,787,795,1209,1369,1413,1382,1305,1123,836,770,704,677,691,601,1023,1153,1195,1174,1515,1316,1046,955,880,828,787,720,1235,1332,1343,1311,1219,905,703,414,370,362,360,354,817,999,1033,1022,961,759,612,390,393,375,371,372,820,6748
Ορυχεία και λατομεία,17,62,57,58,63,74,80,78,83,74,72,66,62,60,51,49,51,54,44,38,32,27,26,25,25,25,25,27,26,26,27,29,23,26,23,23,23,18,19,21,20,24,23,26,32,32,30,27,25,27,20,20,17,17,13,12,11,11,9,10,10
"Παροχή ηλεκτρικού ρεύματος, φυσικού αερίου, ατμού και κλιματισμού",18,15,17,17,22,18,22,20,20,19,26,42,44,51,48,50,51,52,53,45,39,34,26,25,21,14,11,12,52,66,72,67,64,63,65,61,47,40,33,30,28,25,17,15,11,10,8,7,7,6,5,5,6,7,6,6,5,3,2,2,1
"Παροχή νερού, επεξεργασία λυμάτων, διαχείριση αποβλήτων και δραστηριότητες εξυγίανσης",19,31,27,23,21,22,18,15,15,11,11,10,12,17,15,10,11,10,11,8,12,13,12,13,9,16,15,13,9,7,6,6,5,4,5,4,4,6,7,7,9,10,7,8,8,7,6,2,2,7,7,7,8,7,3,4,4,4,4,4,13
"Τέχνες, διασκέδαση και ψυχαγωγία",21,483,481,468,401,317,285,295,296,284,261,409,415,435,416,405,322,259,248,257,237,236,231,436,471,481,488,473,394,272,255,254,243,229,226,424,436,440,438,431,362,296,244,233,245,202,200,415,438,456,426,443,378,300,236,234,219,208,191,391,424
Χονδρικό και λιανικό εμπόριο.  Επισκευή μηχανοκίνητων οχημάτων και μοτοσυκλετών,22,5786,5998,6244,6410,6145,5965,5991,5875,5589,5523,5639,5556,5507,5268,5090,4653,4198,3847,3514,3220,3260,3193,3724,3882,4014,4029,4094,3701,3358,3165,3086,2985,2992,2978,3621,3655,3757,3793,3698,3324,3038,2697,2736,2752,2776,2829,3498,3594,3766,3747,3772,3269,2889,2428,2455,2406,2367,2301,3035,3171
Χρηματοπιστωτικές και ασφαλιστικές δραστηριότητες,23,511,682,691,704,699,668,714,1975,2063,2127,2050,2018,1984,1896,1828,1710,1739,1611,1519,1454,1391,1031,711,601,584,576,562,557,536,492,442,379,362,339,330,295,310,324,339,560,656,879,894,932,943,966,952,924,942,898,873,789,726,646,596,534,453,418,376,374
